,0mlBoXZHSLmWELx913rR9g,3tv6xAvjSiOBvn6Pi8LkGw,djaAx8sEQReRzImtd2sA3w,dvFjgBzQSu2S8De95BYqmg,ECvuummcQA-4GskntiAHtQ,JHRdQdJWQrmH65m7odosVw,mRY84FM1R7WFu8jDymW3eA,nPKbqr0XR0Kn8Jz8nj35Kw,ONG8kdYrQGqUP17PgZZFmA,SS_M7DvJTvKxIcNAt6rB5Q,UXtdCOPLTDaONmM-mk4e1A,VrVBdpn5QWOhPYOMZYjqBQ,W1_cjyfLSEqpecix7LdImQ,Wma7L57WQgGc-9ivrhoG4A,X89zKFz4QC-M5jwo1iLI4g,sum
BadgeList-MyTab,0.0,2.0,4.0,0.0,0.0,0.0,0.0,0.0,0.0,0.0,0.0,0.0,1.0,0.0,1.0,8.0
CollectionQuiz-CurriculumDetail,0.0,1.0,0.0,4.0,0.0,0.0,0.0,0.0,0.0,0.0,1.0,0.0,0.0,0.0,0.0,6.0
CollectionQuiz-HomeTab,2.0,1.0,0.0,0.0,0.0,0.0,0.0,0.0,0.0,0.0,0.0,0.0,0.0,0.0,0.0,3.0
CollectionQuiz-PathTab,1.0,9.0,38.0,0.0,0.0,28.0,0.0,0.0,0.0,1.0,0.0,0.0,9.0,0.0,0.0,86.0
CollectionQuiz-Player,0.0,4.0,0.0,0.0,0.0,0.0,0.0,0.0,0.0,0.0,0.0,0.0,0.0,0.0,0.0,4.0
CollectionQuiz-PushHistory,0.0,1.0,0.0,0.0,0.0,0.0,0.0,0.0,0.0,0.0,0.0,0.0,0.0,0.0,0.0,1.0
CollectionQuiz-RCTModalHostViewController,0.0,0.0,1.0,0.0,0.0,3.0,0.0,0.0,0.0,2.0,0.0,0.0,0.0,0.0,0.0,6.0
CollectionQuiz-null,0.0,0.0,0.0,0.0,0.0,0.0,0.0,0.0,1.0,0.0,0.0,0.0,0.0,0.0,0.0,1.0
ContinuousPlayer-CurriculumDetail,0.0,0.0,0.0,1.0,0.0,0.0,0.0,0.0,0.0,0.0,0.0,0.0,0.0,0.0,0.0,1.0
Coupon-Splash,0.0,1.0,1.0,0.0,0.0,0.0,1.0,0.0,1.0,0.0,0.0,0.0,0.0,0.0,0.0,4.0
Coupon-UIViewController,0.0,0.0,0.0,0.0,1.0,0.0,0.0,2.0,0.0,0.0,0.0,0.0,0.0,0.0,0.0,3.0
CurriculumDetail-CollectionQuiz,0.0,1.0,0.0,4.0,0.0,0.0,0.0,0.0,0.0,0.0,1.0,0.0,0.0,0.0,0.0,6.0
CurriculumDetail-ContinuousPlayer,0.0,0.0,0.0,1.0,0.0,0.0,0.0,0.0,0.0,0.0,0.0,0.0,0.0,0.0,0.0,1.0
CurriculumDetail-HomeTab,0.0,0.0,0.0,1.0,0.0,0.0,0.0,0.0,0.0,0.0,0.0,0.0,0.0,0.0,0.0,1.0
CurriculumDetail-Player,0.0,1.0,0.0,7.0,0.0,0.0,0.0,0.0,0.0,0.0,2.0,0.0,0.0,0.0,0.0,10.0
CurriculumDetail-PlusOnlyTab,0.0,1.0,0.0,8.0,0.0,0.0,1.0,0.0,0.0,0.0,0.0,2.0,0.0,0.0,0.0,12.0
CurriculumDetail-RCTModalHostViewController,0.0,1.0,0.0,0.0,0.0,0.0,0.0,0.0,0.0,0.0,0.0,0.0,0.0,0.0,0.0,1.0
CurriculumDetail-SnackPlayer,0.0,2.0,0.0,2.0,0.0,0.0,1.0,0.0,0.0,0.0,0.0,0.0,0.0,0.0,0.0,5.0
CurriculumDetail-SpeakLecturePlayer,0.0,0.0,0.0,1.0,0.0,0.0,0.0,0.0,0.0,0.0,0.0,0.0,0.0,0.0,0.0,1.0
CurriculumDetail-null,0.0,0.0,0.0,1.0,0.0,0.0,0.0,0.0,0.0,0.0,1.0,0.0,0.0,0.0,0.0,2.0
Error-Splash,0.0,0.0,0.0,0.0,0.0,0.0,0.0,0.0,2.0,0.0,0.0,0.0,0.0,0.0,0.0,2.0
GDPRScreen-RCTModalHostViewController,0.0,0.0,0.0,0.0,0.0,0.0,0.0,2.0,0.0,0.0,0.0,0.0,0.0,0.0,0.0,2.0
HomeTab-CollectionQuiz,2.0,0.0,0.0,0.0,0.0,0.0,0.0,0.0,0.0,0.0,0.0,0.0,0.0,0.0,0.0,2.0
HomeTab-Coupon,1.0,0.0,0.0,0.0,0.0,0.0,0.0,0.0,0.0,0.0,0.0,0.0,0.0,0.0,1.0,2.0
HomeTab-CurriculumDetail,0.0,0.0,0.0,1.0,0.0,0.0,0.0,0.0,0.0,0.0,0.0,0.0,0.0,0.0,0.0,1.0
HomeTab-MyTab,2.0,2.0,0.0,3.0,0.0,1.0,2.0,3.0,0.0,0.0,1.0,4.0,3.0,2.0,1.0,24.0
HomeTab-PathTab,1.0,2.0,3.0,0.0,0.0,10.0,2.0,0.0,0.0,2.0,0.0,1.0,1.0,1.0,2.0,25.0
HomeTab-Player,0.0,0.0,1.0,3.0,0.0,0.0,0.0,2.0,0.0,0.0,2.0,0.0,0.0,0.0,0.0,8.0
HomeTab-PlusOnlyTab,0.0,1.0,0.0,4.0,0.0,0.0,1.0,2.0,0.0,0.0,1.0,0.0,1.0,0.0,1.0,11.0
HomeTab-PushHistory,0.0,0.0,1.0,3.0,0.0,0.0,0.0,0.0,0.0,0.0,0.0,0.0,0.0,1.0,0.0,5.0
HomeTab-RCTModalHostViewController,0.0,8.0,0.0,0.0,3.0,1.0,1.0,1.0,0.0,1.0,2.0,2.0,2.0,0.0,0.0,21.0
HomeTab-ReviewTab,0.0,3.0,0.0,3.0,0.0,0.0,0.0,1.0,0.0,0.0,0.0,0.0,1.0,0.0,1.0,9.0
HomeTab-SnackPlayer,0.0,0.0,1.0,0.0,0.0,0.0,0.0,0.0,0.0,0.0,0.0,0.0,0.0,0.0,0.0,1.0
HomeTab-SnackUploaderList,0.0,0.0,0.0,0.0,0.0,0.0,1.0,0.0,0.0,0.0,0.0,0.0,0.0,0.0,0.0,1.0
HomeTab-SpeakLecturePlayer,0.0,1.0,0.0,2.0,0.0,0.0,0.0,0.0,0.0,0.0,0.0,0.0,0.0,0.0,0.0,3.0
HomeTab-Splash,0.0,0.0,0.0,0.0,0.0,0.0,1.0,0.0,0.0,0.0,1.0,1.0,0.0,0.0,0.0,3.0
HomeTab-StreakResult,0.0,0.0,0.0,1.0,0.0,0.0,0.0,0.0,0.0,0.0,0.0,0.0,0.0,0.0,0.0,1.0
HomeTab-null,0.0,0.0,0.0,0.0,0.0,0.0,0.0,0.0,0.0,1.0,0.0,0.0,0.0,0.0,0.0,1.0
MainActivity-Coupon,1.0,0.0,0.0,0.0,0.0,0.0,0.0,0.0,0.0,0.0,0.0,0.0,0.0,0.0,0.0,1.0
MainActivity-MyTabSetting,0.0,0.0,0.0,1.0,0.0,0.0,0.0,0.0,0.0,0.0,0.0,0.0,0.0,0.0,0.0,1.0
MainActivity-ReviewTab,0.0,0.0,0.0,0.0,0.0,0.0,0.0,0.0,0.0,0.0,0.0,0.0,0.0,0.0,1.0,1.0
MainActivity-Splash,5.0,0.0,0.0,13.0,0.0,0.0,0.0,0.0,0.0,0.0,0.0,0.0,0.0,0.0,4.0,22.0
MyAccountChange-MyTabSetting,0.0,1.0,0.0,0.0,0.0,1.0,0.0,0.0,0.0,0.0,0.0,0.0,1.0,0.0,0.0,3.0
MyAccountChange-Splash,0.0,0.0,0.0,0.0,0.0,0.0,0.0,0.0,0.0,0.0,0.0,0.0,1.0,0.0,0.0,1.0
MyAccountChange-null,0.0,0.0,0.0,0.0,1.0,0.0,0.0,0.0,0.0,0.0,0.0,0.0,0.0,0.0,0.0,1.0
MyMembershipManagement-MyTabSetting,0.0,0.0,1.0,0.0,0.0,0.0,0.0,0.0,0.0,0.0,0.0,0.0,0.0,0.0,0.0,1.0
MyNameChange-MyTabSetting,0.0,0.0,0.0,0.0,0.0,1.0,0.0,0.0,0.0,1.0,0.0,0.0,1.0,0.0,0.0,3.0
MyTab-BadgeList,0.0,2.0,3.0,0.0,0.0,0.0,0.0,0.0,0.0,0.0,0.0,0.0,0.0,0.0,1.0,6.0
MyTab-Coupon,0.0,0.0,0.0,1.0,0.0,0.0,0.0,0.0,0.0,0.0,0.0,0.0,0.0,0.0,0.0,1.0
MyTab-HomeTab,0.0,0.0,3.0,2.0,0.0,3.0,0.0,2.0,0.0,0.0,0.0,1.0,1.0,0.0,1.0,13.0
MyTab-MyTab,0.0,0.0,0.0,0.0,0.0,1.0,0.0,0.0,0.0,0.0,0.0,0.0,0.0,0.0,0.0,1.0
MyTab-MyTabSetting,0.0,5.0,1.0,0.0,1.0,0.0,1.0,3.0,0.0,2.0,0.0,1.0,0.0,0.0,2.0,16.0
MyTab-PathTab,0.0,0.0,6.0,0.0,0.0,2.0,0.0,0.0,0.0,0.0,0.0,0.0,1.0,0.0,2.0,11.0
MyTab-PlusOnlyTab,0.0,2.0,1.0,2.0,0.0,0.0,2.0,0.0,0.0,0.0,0.0,1.0,0.0,0.0,2.0,10.0
MyTab-RCTModalHostViewController,0.0,1.0,5.0,0.0,0.0,6.0,0.0,3.0,0.0,0.0,1.0,2.0,4.0,1.0,0.0,23.0
MyTab-ReviewTab,0.0,5.0,2.0,0.0,0.0,1.0,0.0,0.0,0.0,0.0,0.0,1.0,3.0,0.0,1.0,13.0
MyTab-SignInHubActivity,1.0,0.0,0.0,2.0,0.0,0.0,0.0,0.0,0.0,0.0,0.0,0.0,0.0,0.0,1.0,4.0
MyTab-Splash,0.0,0.0,1.0,0.0,0.0,1.0,0.0,0.0,0.0,0.0,0.0,0.0,0.0,1.0,0.0,3.0
MyTab-StreakResult,0.0,1.0,3.0,0.0,0.0,0.0,0.0,0.0,0.0,0.0,0.0,0.0,1.0,0.0,1.0,6.0
MyTab-null,0.0,0.0,0.0,0.0,0.0,0.0,0.0,0.0,0.0,0.0,0.0,0.0,0.0,1.0,0.0,1.0
MyTabSetting-Coupon,0.0,0.0,1.0,0.0,0.0,0.0,0.0,0.0,0.0,0.0,0.0,0.0,0.0,0.0,0.0,1.0
MyTabSetting-GDPRScreen,0.0,0.0,0.0,0.0,0.0,0.0,0.0,2.0,0.0,0.0,0.0,0.0,0.0,0.0,0.0,2.0
MyTabSetting-MyAccountChange,0.0,1.0,0.0,0.0,1.0,1.0,0.0,0.0,0.0,0.0,0.0,0.0,2.0,0.0,0.0,5.0
MyTabSetting-MyMembershipManagement,0.0,0.0,1.0,0.0,0.0,0.0,0.0,0.0,0.0,0.0,0.0,0.0,0.0,0.0,0.0,1.0
MyTabSetting-MyNameChange,0.0,0.0,0.0,0.0,0.0,1.0,0.0,0.0,0.0,0.0,0.0,0.0,1.0,0.0,0.0,2.0
MyTabSetting-MyTab,0.0,4.0,1.0,1.0,0.0,2.0,0.0,2.0,0.0,1.0,0.0,0.0,0.0,0.0,2.0,13.0
MyTabSetting-RCTModalHostViewController,0.0,0.0,0.0,0.0,0.0,0.0,1.0,0.0,0.0,1.0,0.0,0.0,1.0,0.0,0.0,3.0
MyTabSetting-Splash,0.0,0.0,0.0,0.0,0.0,0.0,0.0,0.0,0.0,1.0,0.0,1.0,0.0,0.0,0.0,2.0
MyTabSetting-null,0.0,0.0,0.0,0.0,0.0,0.0,0.0,0.0,0.0,0.0,0.0,1.0,0.0,0.0,0.0,1.0
OnboardingFirst-OnboardingLanguageSetting,1.0,1.0,1.0,2.0,1.0,1.0,1.0,3.0,1.0,1.0,1.0,1.0,1.0,1.0,1.0,18.0
OnboardingKoreanOptions-HomeTab,1.0,1.0,0.0,2.0,1.0,1.0,1.0,3.0,0.0,1.0,1.0,1.0,1.0,1.0,1.0,16.0
OnboardingKoreanOptions-PathTabPlayer,0.0,0.0,1.0,0.0,0.0,0.0,0.0,0.0,1.0,0.0,0.0,0.0,0.0,0.0,0.0,2.0
OnboardingLanguageSetting-OnboardingKoreanOptions,1.0,1.0,1.0,2.0,1.0,1.0,1.0,3.0,1.0,1.0,1.0,1.0,1.0,1.0,1.0,18.0
PathTab-CollectionQuiz,1.0,8.0,37.0,0.0,0.0,28.0,0.0,0.0,0.0,1.0,0.0,0.0,8.0,0.0,0.0,83.0
PathTab-Coupon,0.0,0.0,0.0,0.0,0.0,0.0,0.0,0.0,1.0,0.0,0.0,0.0,0.0,0.0,0.0,1.0
PathTab-Error,0.0,0.0,0.0,0.0,0.0,0.0,0.0,0.0,2.0,0.0,0.0,0.0,0.0,0.0,0.0,2.0
PathTab-HomeTab,0.0,6.0,1.0,0.0,0.0,2.0,0.0,0.0,0.0,0.0,0.0,0.0,1.0,0.0,2.0,12.0
PathTab-MyTab,0.0,0.0,9.0,1.0,0.0,6.0,0.0,0.0,0.0,1.0,0.0,0.0,1.0,0.0,3.0,21.0
PathTab-PathTab,0.0,0.0,1.0,0.0,0.0,0.0,0.0,0.0,0.0,0.0,0.0,0.0,0.0,0.0,0.0,1.0
PathTab-PathTabPlayer,1.0,7.0,59.0,0.0,0.0,18.0,0.0,0.0,0.0,0.0,1.0,0.0,6.0,0.0,0.0,92.0
PathTab-PlusOnlyTab,0.0,1.0,2.0,0.0,0.0,1.0,0.0,0.0,0.0,0.0,0.0,1.0,0.0,1.0,1.0,7.0
PathTab-PushHistory,0.0,1.0,0.0,0.0,0.0,0.0,0.0,0.0,0.0,1.0,0.0,0.0,0.0,0.0,0.0,2.0
PathTab-RCTModalHostViewController,0.0,3.0,17.0,0.0,0.0,5.0,3.0,0.0,4.0,3.0,1.0,1.0,4.0,0.0,0.0,41.0
PathTab-ReviewTab,1.0,0.0,5.0,0.0,0.0,1.0,0.0,0.0,0.0,0.0,0.0,0.0,0.0,0.0,0.0,7.0
PathTab-SnackPlayer,1.0,3.0,0.0,0.0,0.0,8.0,1.0,0.0,1.0,1.0,0.0,0.0,3.0,0.0,1.0,19.0
PathTab-SpeakLecturePlayer,0.0,0.0,9.0,0.0,0.0,0.0,0.0,0.0,0.0,0.0,0.0,0.0,0.0,0.0,0.0,9.0
PathTab-Splash,0.0,0.0,0.0,0.0,0.0,0.0,0.0,0.0,0.0,1.0,0.0,0.0,0.0,0.0,0.0,1.0
PathTab-StreakResult,0.0,1.0,2.0,0.0,0.0,1.0,0.0,0.0,0.0,0.0,0.0,0.0,2.0,0.0,0.0,6.0
PathTab-null,0.0,0.0,1.0,0.0,0.0,0.0,0.0,0.0,0.0,0.0,0.0,0.0,0.0,0.0,0.0,1.0
PathTabPlayer-PathTab,1.0,5.0,63.0,0.0,0.0,12.0,0.0,0.0,0.0,0.0,0.0,0.0,6.0,0.0,0.0,87.0
PathTabPlayer-RCTModalHostViewController,0.0,2.0,1.0,0.0,0.0,4.0,0.0,0.0,0.0,0.0,1.0,0.0,0.0,0.0,0.0,8.0
Player-CollectionQuiz,0.0,4.0,0.0,0.0,0.0,0.0,0.0,0.0,0.0,0.0,0.0,0.0,0.0,0.0,0.0,4.0
Player-CurriculumDetail,0.0,0.0,0.0,7.0,0.0,0.0,0.0,0.0,0.0,0.0,2.0,0.0,0.0,0.0,0.0,9.0
Player-HomeTab,0.0,0.0,0.0,2.0,0.0,0.0,0.0,1.0,0.0,0.0,0.0,0.0,0.0,0.0,0.0,3.0
Player-Player,0.0,2.0,1.0,0.0,0.0,0.0,0.0,0.0,0.0,0.0,9.0,0.0,0.0,0.0,0.0,12.0
Player-PushHistory,0.0,4.0,0.0,1.0,0.0,0.0,0.0,0.0,0.0,0.0,0.0,0.0,0.0,0.0,0.0,5.0
Player-RCTModalHostViewController,0.0,2.0,1.0,0.0,0.0,0.0,0.0,0.0,0.0,0.0,2.0,0.0,0.0,0.0,0.0,5.0
Player-ReviewTab,0.0,0.0,1.0,0.0,0.0,0.0,0.0,0.0,0.0,0.0,0.0,0.0,0.0,0.0,0.0,1.0
Player-StreakResult,0.0,1.0,1.0,0.0,0.0,0.0,0.0,0.0,0.0,0.0,0.0,0.0,1.0,0.0,0.0,3.0
Player-null,1.0,0.0,0.0,0.0,0.0,1.0,0.0,0.0,0.0,0.0,0.0,0.0,0.0,0.0,0.0,2.0
PlusOnlyTab-CurriculumDetail,0.0,1.0,0.0,11.0,0.0,0.0,1.0,0.0,0.0,0.0,1.0,2.0,0.0,0.0,0.0,16.0
PlusOnlyTab-HomeTab,0.0,1.0,0.0,1.0,0.0,0.0,0.0,0.0,0.0,0.0,0.0,1.0,0.0,0.0,0.0,3.0
PlusOnlyTab-MyTab,0.0,0.0,0.0,1.0,0.0,0.0,1.0,0.0,0.0,0.0,0.0,2.0,0.0,1.0,1.0,6.0
PlusOnlyTab-PathTab,0.0,7.0,4.0,1.0,0.0,1.0,0.0,0.0,0.0,0.0,1.0,0.0,2.0,0.0,3.0,19.0
PlusOnlyTab-ReviewTab,0.0,1.0,2.0,0.0,0.0,0.0,0.0,2.0,0.0,0.0,0.0,0.0,0.0,0.0,3.0,8.0
PlusOnlyTab-SpeakCollection,0.0,1.0,1.0,0.0,0.0,0.0,0.0,0.0,0.0,0.0,0.0,0.0,0.0,0.0,0.0,2.0
PlusOnlyTab-SpeakCourse,0.0,1.0,2.0,1.0,0.0,0.0,1.0,0.0,0.0,0.0,0.0,4.0,0.0,0.0,0.0,9.0
PlusOnlyTab-Splash,0.0,0.0,0.0,0.0,0.0,0.0,1.0,0.0,0.0,0.0,1.0,0.0,0.0,0.0,0.0,2.0
PlusOnlyTab-StreakResult,0.0,0.0,0.0,1.0,0.0,0.0,0.0,0.0,0.0,0.0,0.0,0.0,0.0,0.0,0.0,1.0
PushHistory-CollectionQuiz,0.0,1.0,0.0,0.0,0.0,0.0,0.0,0.0,0.0,0.0,0.0,0.0,0.0,0.0,0.0,1.0
PushHistory-HomeTab,0.0,0.0,0.0,3.0,0.0,0.0,0.0,1.0,0.0,0.0,0.0,0.0,0.0,1.0,0.0,5.0
PushHistory-PathTab,0.0,1.0,2.0,0.0,0.0,0.0,0.0,0.0,0.0,1.0,0.0,0.0,0.0,0.0,0.0,4.0
PushHistory-Player,0.0,7.0,0.0,1.0,0.0,0.0,0.0,0.0,0.0,0.0,0.0,0.0,0.0,0.0,0.0,8.0
PushHistory-Splash,0.0,0.0,1.0,0.0,0.0,0.0,0.0,0.0,0.0,0.0,0.0,0.0,0.0,0.0,0.0,1.0
PushHistory-StreakResult,0.0,4.0,0.0,0.0,0.0,0.0,0.0,0.0,0.0,0.0,0.0,0.0,0.0,0.0,0.0,4.0
PushHistory-null,0.0,1.0,0.0,0.0,0.0,0.0,0.0,0.0,0.0,0.0,0.0,0.0,0.0,0.0,0.0,1.0
QBAlbumsViewController-QBAssetsViewController,0.0,0.0,0.0,0.0,0.0,0.0,0.0,0.0,0.0,0.0,0.0,0.0,1.0,0.0,0.0,1.0
QBAssetsViewController-TOCropViewController,0.0,0.0,0.0,0.0,0.0,0.0,0.0,0.0,0.0,0.0,0.0,0.0,1.0,0.0,0.0,1.0
QBImagePickerController-QBAlbumsViewController,0.0,0.0,0.0,0.0,0.0,0.0,0.0,0.0,0.0,0.0,0.0,0.0,1.0,0.0,0.0,1.0
RCTAlertController-UIViewController,0.0,0.0,0.0,0.0,0.0,0.0,0.0,3.0,0.0,0.0,0.0,0.0,0.0,0.0,0.0,3.0
RCTModalHostViewController-Coupon,0.0,0.0,0.0,0.0,1.0,0.0,0.0,2.0,0.0,0.0,0.0,0.0,0.0,0.0,0.0,3.0
RCTModalHostViewController-HomeTab,0.0,0.0,0.0,0.0,0.0,0.0,1.0,0.0,0.0,0.0,1.0,0.0,0.0,0.0,0.0,2.0
RCTModalHostViewController-RCTAlertController,0.0,0.0,0.0,0.0,0.0,0.0,0.0,3.0,0.0,0.0,0.0,0.0,0.0,0.0,0.0,3.0
RCTModalHostViewController-SFAuthenticationViewController,0.0,0.0,1.0,0.0,1.0,1.0,1.0,0.0,0.0,0.0,0.0,0.0,0.0,1.0,0.0,5.0
RCTModalHostViewController-Splash,0.0,0.0,0.0,0.0,0.0,0.0,1.0,0.0,1.0,0.0,0.0,0.0,0.0,0.0,0.0,2.0
RCTModalHostViewController-UIViewController,0.0,27.0,37.0,0.0,5.0,24.0,5.0,4.0,2.0,10.0,6.0,7.0,14.0,2.0,0.0,143.0
ReviewTab-HomeTab,1.0,0.0,1.0,0.0,0.0,0.0,0.0,0.0,0.0,0.0,0.0,1.0,1.0,0.0,0.0,4.0
ReviewTab-MyTab,0.0,3.0,5.0,1.0,0.0,3.0,0.0,2.0,0.0,0.0,0.0,0.0,1.0,0.0,2.0,17.0
ReviewTab-PathTab,0.0,1.0,3.0,0.0,0.0,0.0,0.0,0.0,0.0,0.0,0.0,0.0,0.0,0.0,1.0,5.0
ReviewTab-PlusOnlyTab,0.0,6.0,1.0,2.0,0.0,0.0,0.0,0.0,0.0,0.0,0.0,1.0,1.0,0.0,3.0,14.0
ReviewTab-RCTModalHostViewController,0.0,3.0,2.0,0.0,0.0,0.0,0.0,0.0,0.0,0.0,0.0,0.0,1.0,0.0,0.0,6.0
ReviewTab-null,0.0,0.0,0.0,0.0,0.0,0.0,0.0,1.0,0.0,0.0,0.0,0.0,0.0,0.0,0.0,1.0
SFAuthenticationViewController-RCTModalHostViewController,0.0,0.0,1.0,0.0,1.0,1.0,1.0,0.0,0.0,0.0,0.0,0.0,0.0,1.0,0.0,5.0
SignInHubActivity-MainActivity,1.0,0.0,0.0,2.0,0.0,0.0,0.0,0.0,0.0,0.0,0.0,0.0,0.0,0.0,1.0,4.0
SnackPlayer-CurriculumDetail,0.0,0.0,0.0,2.0,0.0,0.0,0.0,0.0,0.0,0.0,0.0,0.0,0.0,0.0,0.0,2.0
SnackPlayer-PathTab,1.0,3.0,1.0,0.0,0.0,9.0,2.0,0.0,1.0,1.0,0.0,0.0,3.0,0.0,0.0,21.0
SnackPlayer-RCTModalHostViewController,0.0,2.0,0.0,0.0,0.0,0.0,1.0,0.0,0.0,0.0,0.0,0.0,0.0,0.0,0.0,3.0
SnackPlayer-UIActivityViewController,0.0,0.0,1.0,0.0,0.0,0.0,0.0,0.0,0.0,0.0,0.0,0.0,0.0,0.0,0.0,1.0
SnackUploaderList-HomeTab,0.0,0.0,0.0,0.0,0.0,0.0,1.0,0.0,0.0,0.0,0.0,0.0,0.0,0.0,0.0,1.0
SpeakCollection-PlusOnlyTab,0.0,1.0,1.0,0.0,0.0,0.0,0.0,0.0,0.0,0.0,0.0,0.0,0.0,0.0,0.0,2.0
SpeakCollection-SpeakCourse,0.0,1.0,0.0,0.0,0.0,0.0,0.0,0.0,0.0,0.0,0.0,0.0,0.0,0.0,0.0,1.0
SpeakCourse-Player,0.0,1.0,0.0,0.0,0.0,0.0,0.0,0.0,0.0,0.0,0.0,0.0,0.0,0.0,0.0,1.0
SpeakCourse-PlusOnlyTab,0.0,0.0,2.0,1.0,0.0,0.0,0.0,0.0,0.0,0.0,0.0,2.0,0.0,0.0,0.0,5.0
SpeakCourse-RCTModalHostViewController,0.0,1.0,0.0,0.0,0.0,0.0,0.0,0.0,0.0,0.0,0.0,1.0,0.0,0.0,0.0,2.0
SpeakCourse-SpeakLecturePlayer,0.0,21.0,4.0,5.0,0.0,0.0,2.0,0.0,0.0,0.0,0.0,1.0,0.0,0.0,0.0,33.0
SpeakCourse-null,0.0,0.0,0.0,0.0,0.0,0.0,1.0,0.0,0.0,0.0,0.0,0.0,0.0,0.0,0.0,1.0
SpeakLecturePlayer-CurriculumDetail,0.0,0.0,0.0,1.0,0.0,0.0,0.0,0.0,0.0,0.0,0.0,0.0,0.0,0.0,0.0,1.0
SpeakLecturePlayer-HomeTab,0.0,1.0,0.0,2.0,0.0,0.0,0.0,0.0,0.0,0.0,0.0,0.0,0.0,0.0,0.0,3.0
SpeakLecturePlayer-PathTab,0.0,0.0,9.0,0.0,0.0,0.0,0.0,0.0,0.0,0.0,0.0,0.0,0.0,0.0,0.0,9.0
SpeakLecturePlayer-RCTModalHostViewController,0.0,1.0,2.0,0.0,0.0,0.0,0.0,0.0,0.0,0.0,0.0,0.0,0.0,0.0,0.0,3.0
SpeakLecturePlayer-SpeakCourse,0.0,21.0,3.0,5.0,0.0,0.0,2.0,0.0,0.0,0.0,0.0,0.0,0.0,0.0,0.0,31.0
SpeakLecturePlayer-SpeakLectureSpeaking,0.0,2.0,15.0,6.0,0.0,0.0,2.0,0.0,0.0,0.0,0.0,2.0,0.0,0.0,0.0,27.0
SpeakLectureSpeaking-RCTModalHostViewController,0.0,0.0,1.0,0.0,0.0,0.0,1.0,0.0,0.0,0.0,0.0,0.0,0.0,0.0,0.0,2.0
SpeakLectureSpeaking-SpeakLecturePlayer,0.0,3.0,14.0,6.0,0.0,0.0,1.0,0.0,0.0,0.0,0.0,2.0,0.0,0.0,0.0,26.0
Splash-HomeTab,2.0,9.0,0.0,12.0,4.0,2.0,3.0,2.0,0.0,3.0,4.0,4.0,5.0,1.0,3.0,54.0
Splash-OnboardingFirst,1.0,1.0,1.0,2.0,1.0,1.0,1.0,3.0,1.0,1.0,1.0,1.0,1.0,1.0,1.0,18.0
Splash-PathTab,0.0,0.0,7.0,0.0,0.0,0.0,0.0,0.0,7.0,0.0,0.0,0.0,0.0,0.0,0.0,14.0
Splash-Player,2.0,0.0,0.0,0.0,0.0,1.0,0.0,0.0,0.0,0.0,0.0,0.0,0.0,0.0,0.0,3.0
Splash-UIViewController,0.0,0.0,0.0,0.0,0.0,0.0,2.0,0.0,1.0,0.0,1.0,0.0,0.0,0.0,0.0,4.0
StreakResult-HomeTab,0.0,0.0,0.0,1.0,0.0,0.0,0.0,0.0,0.0,0.0,0.0,0.0,0.0,0.0,0.0,1.0
StreakResult-MyTab,0.0,1.0,3.0,0.0,0.0,0.0,0.0,0.0,0.0,0.0,0.0,0.0,1.0,0.0,1.0,6.0
StreakResult-PathTab,0.0,0.0,2.0,0.0,0.0,1.0,0.0,0.0,0.0,0.0,0.0,0.0,3.0,0.0,0.0,6.0
StreakResult-Player,0.0,0.0,0.0,0.0,0.0,0.0,0.0,0.0,0.0,0.0,0.0,0.0,1.0,0.0,0.0,1.0
StreakResult-PlusOnlyTab,0.0,0.0,0.0,1.0,0.0,0.0,0.0,0.0,0.0,0.0,0.0,0.0,0.0,0.0,0.0,1.0
StreakResult-PushHistory,0.0,5.0,0.0,0.0,0.0,0.0,0.0,0.0,0.0,0.0,0.0,0.0,0.0,0.0,0.0,5.0
StreakResult-RCTModalHostViewController,0.0,0.0,2.0,0.0,0.0,0.0,0.0,0.0,0.0,0.0,0.0,0.0,0.0,0.0,0.0,2.0
StreakResult-StreakResult,0.0,1.0,1.0,0.0,0.0,0.0,0.0,0.0,0.0,0.0,0.0,0.0,0.0,0.0,0.0,2.0
StreakResult-StreakSetting,0.0,2.0,0.0,0.0,0.0,0.0,0.0,0.0,0.0,0.0,0.0,0.0,1.0,0.0,0.0,3.0
StreakResult-UIActivityViewController,0.0,0.0,1.0,0.0,0.0,0.0,0.0,0.0,0.0,0.0,0.0,0.0,0.0,0.0,0.0,1.0
StreakSetting-StreakResult,0.0,2.0,0.0,0.0,0.0,0.0,0.0,0.0,0.0,0.0,0.0,0.0,1.0,0.0,0.0,3.0
TOCropViewController-UIViewController,0.0,0.0,0.0,0.0,0.0,0.0,0.0,0.0,0.0,0.0,0.0,0.0,1.0,0.0,0.0,1.0
UIActivityContentViewController-UIViewController,0.0,0.0,2.0,0.0,0.0,0.0,0.0,0.0,0.0,0.0,0.0,0.0,0.0,0.0,0.0,2.0
UIActivityViewController-UIActivityContentViewController,0.0,0.0,2.0,0.0,0.0,0.0,0.0,0.0,0.0,0.0,0.0,0.0,0.0,0.0,0.0,2.0
UIViewController-BadgeList,0.0,0.0,1.0,0.0,0.0,0.0,0.0,0.0,0.0,0.0,0.0,0.0,1.0,0.0,0.0,2.0
UIViewController-CollectionQuiz,0.0,3.0,2.0,0.0,0.0,3.0,0.0,0.0,1.0,2.0,0.0,0.0,1.0,0.0,0.0,12.0
UIViewController-Coupon,0.0,1.0,0.0,0.0,0.0,0.0,1.0,0.0,0.0,0.0,0.0,0.0,0.0,0.0,0.0,2.0
UIViewController-CurriculumDetail,0.0,4.0,0.0,0.0,0.0,0.0,1.0,0.0,0.0,0.0,0.0,0.0,0.0,0.0,0.0,5.0
UIViewController-HomeTab,0.0,0.0,1.0,0.0,0.0,4.0,2.0,0.0,0.0,0.0,1.0,0.0,1.0,1.0,0.0,10.0
UIViewController-MyNameChange,0.0,0.0,0.0,0.0,0.0,0.0,0.0,0.0,0.0,1.0,0.0,0.0,0.0,0.0,0.0,1.0
UIViewController-MyTab,0.0,4.0,3.0,0.0,1.0,1.0,0.0,1.0,0.0,0.0,0.0,0.0,3.0,0.0,0.0,13.0
UIViewController-MyTabSetting,0.0,0.0,1.0,0.0,0.0,2.0,0.0,1.0,0.0,0.0,0.0,1.0,3.0,0.0,0.0,8.0
UIViewController-PathTab,0.0,2.0,4.0,0.0,0.0,7.0,0.0,0.0,1.0,3.0,1.0,1.0,1.0,0.0,0.0,20.0
UIViewController-PathTabPlayer,0.0,0.0,4.0,0.0,0.0,0.0,0.0,0.0,0.0,0.0,0.0,0.0,0.0,0.0,0.0,4.0
UIViewController-Player,0.0,1.0,2.0,0.0,0.0,0.0,0.0,0.0,0.0,0.0,1.0,0.0,0.0,0.0,0.0,4.0
UIViewController-PlusOnlyTab,0.0,0.0,2.0,0.0,0.0,0.0,0.0,0.0,0.0,0.0,2.0,3.0,0.0,0.0,0.0,7.0
UIViewController-PushHistory,0.0,3.0,2.0,0.0,0.0,0.0,0.0,1.0,0.0,0.0,0.0,0.0,0.0,0.0,0.0,6.0
UIViewController-QBImagePickerController,0.0,0.0,0.0,0.0,0.0,0.0,0.0,0.0,0.0,0.0,0.0,0.0,1.0,0.0,0.0,1.0
UIViewController-RCTModalHostViewController,0.0,3.0,8.0,0.0,3.0,5.0,1.0,5.0,0.0,3.0,0.0,1.0,2.0,1.0,0.0,32.0
UIViewController-ReviewTab,0.0,4.0,2.0,0.0,0.0,1.0,0.0,0.0,0.0,0.0,0.0,1.0,0.0,0.0,0.0,8.0
UIViewController-SnackPlayer,0.0,0.0,1.0,0.0,0.0,1.0,1.0,0.0,1.0,0.0,0.0,0.0,1.0,0.0,0.0,5.0
UIViewController-SpeakCollection,0.0,1.0,0.0,0.0,0.0,0.0,0.0,0.0,0.0,0.0,0.0,0.0,0.0,0.0,0.0,1.0
UIViewController-SpeakCourse,0.0,0.0,1.0,0.0,0.0,0.0,0.0,0.0,0.0,0.0,0.0,0.0,0.0,0.0,0.0,1.0
UIViewController-SpeakLecturePlayer,0.0,0.0,2.0,0.0,0.0,0.0,1.0,0.0,0.0,0.0,0.0,0.0,0.0,0.0,0.0,3.0
UIViewController-SpeakLectureSpeaking,0.0,1.0,0.0,0.0,0.0,0.0,0.0,0.0,0.0,0.0,0.0,0.0,0.0,0.0,0.0,1.0
UIViewController-Splash,0.0,9.0,5.0,0.0,5.0,3.0,2.0,5.0,5.0,2.0,4.0,3.0,6.0,1.0,0.0,50.0
UIViewController-StreakResult,0.0,0.0,2.0,0.0,0.0,0.0,0.0,0.0,0.0,0.0,0.0,0.0,1.0,0.0,0.0,3.0
UIViewController-UIViewController,0.0,9.0,5.0,0.0,4.0,3.0,2.0,6.0,5.0,1.0,3.0,3.0,7.0,1.0,0.0,49.0
UIViewController-null,0.0,0.0,0.0,0.0,0.0,0.0,0.0,0.0,0.0,0.0,0.0,0.0,1.0,0.0,0.0,1.0
null-MainActivity,5.0,0.0,0.0,13.0,0.0,0.0,0.0,0.0,0.0,0.0,0.0,0.0,0.0,0.0,4.0,22.0
null-Splash,0.0,0.0,0.0,1.0,0.0,0.0,0.0,0.0,0.0,0.0,0.0,0.0,0.0,0.0,0.0,1.0
null-UIViewController,0.0,9.0,5.0,0.0,4.0,3.0,2.0,4.0,5.0,1.0,3.0,3.0,7.0,1.0,0.0,47.0
