,0mlBoXZHSLmWELx913rR9g,3tv6xAvjSiOBvn6Pi8LkGw,djaAx8sEQReRzImtd2sA3w,dvFjgBzQSu2S8De95BYqmg,ECvuummcQA-4GskntiAHtQ,JHRdQdJWQrmH65m7odosVw,mRY84FM1R7WFu8jDymW3eA,nPKbqr0XR0Kn8Jz8nj35Kw,ONG8kdYrQGqUP17PgZZFmA,SS_M7DvJTvKxIcNAt6rB5Q,UXtdCOPLTDaONmM-mk4e1A,VrVBdpn5QWOhPYOMZYjqBQ,W1_cjyfLSEqpecix7LdImQ,Wma7L57WQgGc-9ivrhoG4A,X89zKFz4QC-M5jwo1iLI4g
BadgeList,.,2.0,4.0,.,.,.,.,.,.,.,.,.,1.0,.,1.0
CollectionQuiz,3.0,17.0,39.0,4.0,.,31.0,.,.,1.0,3.0,1.0,.,9.0,.,.
ContinuousPlayer,.,.,.,1.0,.,.,.,.,.,.,.,.,.,.,.
Coupon,2.0,1.0,1.0,1.0,1.0,.,1.0,2.0,1.0,.,.,.,.,.,1.0
CurriculumDetail,.,6.0,.,27.0,.,.,2.0,.,.,.,4.0,2.0,.,.,.
Error,.,.,.,.,.,.,.,.,2.0,.,.,.,.,.,.
GDPRScreen,.,.,.,.,.,.,.,2.0,.,.,.,.,.,.,.
HomeTab,6.0,19.0,6.0,26.0,5.0,12.0,8.0,9.0,.,4.0,7.0,8.0,10.0,4.0,7.0
MainActivity,6.0,.,.,15.0,.,.,.,.,.,.,.,.,.,.,5.0
MyAccountChange,.,1.0,.,.,1.0,1.0,.,.,.,.,.,.,2.0,.,.
MyMembershipManagement,.,.,1.0,.,.,.,.,.,.,.,.,.,.,.,.
MyNameChange,.,.,.,.,.,1.0,.,.,.,1.0,.,.,1.0,.,.
MyTab,2.0,16.0,25.0,7.0,1.0,14.0,3.0,8.0,.,2.0,1.0,6.0,10.0,3.0,11.0
MyTabSetting,.,6.0,3.0,1.0,1.0,4.0,1.0,4.0,.,3.0,.,2.0,5.0,.,2.0
OnboardingFirst,1.0,1.0,1.0,2.0,1.0,1.0,1.0,3.0,1.0,1.0,1.0,1.0,1.0,1.0,1.0
OnboardingKoreanOptions,1.0,1.0,1.0,2.0,1.0,1.0,1.0,3.0,1.0,1.0,1.0,1.0,1.0,1.0,1.0
OnboardingLanguageSetting,1.0,1.0,1.0,2.0,1.0,1.0,1.0,3.0,1.0,1.0,1.0,1.0,1.0,1.0,1.0
PathTab,4.0,30.0,143.0,1.0,.,70.0,4.0,.,9.0,8.0,2.0,2.0,26.0,1.0,8.0
PathTabPlayer,1.0,7.0,64.0,.,.,18.0,.,.,1.0,.,1.0,.,6.0,.,.
Player,2.0,16.0,4.0,11.0,.,1.0,.,2.0,.,.,14.0,.,1.0,.,.
PlusOnlyTab,.,12.0,9.0,18.0,.,1.0,4.0,2.0,.,.,3.0,10.0,2.0,1.0,7.0
PushHistory,.,14.0,3.0,4.0,.,.,.,1.0,.,1.0,.,.,.,1.0,.
QBAlbumsViewController,.,.,.,.,.,.,.,.,.,.,.,.,1.0,.,.
QBAssetsViewController,.,.,.,.,.,.,.,.,.,.,.,.,1.0,.,.
QBImagePickerController,.,.,.,.,.,.,.,.,.,.,.,.,1.0,.,.
RCTAlertController,.,.,.,.,.,.,.,3.0,.,.,.,.,.,.,.
RCTModalHostViewController,.,27.0,41.0,.,7.0,25.0,9.0,11.0,4.0,10.0,7.0,7.0,14.0,3.0,.
ReviewTab,1.0,13.0,12.0,3.0,.,3.0,.,3.0,.,.,.,2.0,4.0,.,6.0
SFAuthenticationViewController,.,.,1.0,.,1.0,1.0,1.0,.,.,.,.,.,.,1.0,.
SignInHubActivity,1.0,.,.,2.0,.,.,.,.,.,.,.,.,.,.,1.0
SnackPlayer,1.0,5.0,2.0,2.0,.,9.0,3.0,.,2.0,1.0,.,.,4.0,.,1.0
SnackUploaderList,.,.,.,.,.,.,1.0,.,.,.,.,.,.,.,.
SpeakCollection,.,2.0,1.0,.,.,.,.,.,.,.,.,.,.,.,.
SpeakCourse,.,23.0,6.0,6.0,.,.,3.0,.,.,.,.,4.0,.,.,.
SpeakLecturePlayer,.,25.0,29.0,14.0,.,.,4.0,.,.,.,.,3.0,.,.,.
SpeakLectureSpeaking,.,3.0,15.0,6.0,.,.,2.0,.,.,.,.,2.0,.,.,.
Splash,5.0,10.0,8.0,14.0,5.0,4.0,6.0,5.0,9.0,4.0,6.0,5.0,7.0,2.0,4.0
StreakResult,.,10.0,9.0,2.0,.,1.0,.,.,.,.,.,.,6.0,.,1.0
StreakSetting,.,2.0,.,.,.,.,.,.,.,.,.,.,1.0,.,.
TOCropViewController,.,.,.,.,.,.,.,.,.,.,.,.,1.0,.,.
UIActivityContentViewController,.,.,2.0,.,.,.,.,.,.,.,.,.,.,.,.
UIActivityViewController,.,.,2.0,.,.,.,.,.,.,.,.,.,.,.,.
UIViewController,.,45.0,49.0,.,14.0,30.0,11.0,19.0,13.0,12.0,13.0,13.0,29.0,4.0,.
null,6.0,10.0,6.0,15.0,5.0,4.0,3.0,5.0,6.0,2.0,4.0,4.0,8.0,2.0,4.0
